Model,MAE,RMSE,R2 Score
Linear Regression,172941.32067306715,307414.0832797704,0.5691103542125067
Random Forest,71470.3342318995,130043.95328784353,0.9228921016973503
